classification	path	bytes	sha256	status
FORMAL_VALIDATION	/tmp/dtc-l1-r076-b06-3qo33L/run-counter2.log	163308	d92e44d17c72fc2f3602a0337ebaca3c561a5dba185f96b7cbec3fab005aa226	PASS
FORMAL_VALIDATION	/tmp/dtc-l1-r076-b08-Qln7FC/run-final.log	162607	19a3b2d735c9070d0256e5b365a6946ddc1fa346380f97777da3b4702238521c	PASS
FORMAL_VALIDATION	/tmp/dtc-l1-b07-prefix-5Iqwvu/run-final.log	233150	16d8e21acfca561f9354d6670f3e1dc903ccdf4486a879c8db5a876248288e8c	PASS
FORMAL_VALIDATION	/tmp/dtc-l1-r076-hit-current-QdMVTp/run-final.log	162535	565b2728b7c322524fb8ab8d7c9279119ea727ee336495185e2d3aae10054483	PASS
FORMAL_VALIDATION	/tmp/dtc-l1-r076-hit-clean-WcrRf9/run-final.log	161692	10130c45fb96470082c505d63316a4dc6efc64210670263ba290a54a567cd1c6	PASS
FORMAL_VALIDATION	/tmp/dtc-l1-r076-merge-current-L1zoye/run-final.log	162575	adc239ee2b7d12db4e5245d09fd94c06fe64cbb39add578173a23f6f17c07257	PASS
FORMAL_VALIDATION	/tmp/dtc-l1-r076-merge-clean-VkBq8i/run-final.log	161732	4d6453c12026479fb1d2087937e0eba29c29a68b04fc0d717acdb7aed513e605	PASS
FORMAL_VALIDATION	/tmp/dtc-l1-r076-bypass-current-wXzaby/run-final.log	162083	807cb2d48c2ce00513fa088d67580d2ce5d58e1d6b4ce834688e506156622e25	PASS
FORMAL_VALIDATION	/tmp/dtc-l1-r076-bypass-clean-4hB436/run-final.log	161238	95a8fe022a5a4aa58c779b0fcca215e709f9990766aaecf5d4d008dffdb46dc8	PASS
FORMAL_VALIDATION	/tmp/dtc-l1-r076-vecadd-current-hcEaBC/run-final.log	161584	adbdbda62eeb4dc0add5377ccb8f6b4a946a2aec9b23842c3606abbb6a94d9c2	PASS
FORMAL_VALIDATION	/tmp/dtc-l1-r076-vecadd-clean-US2zUu/run-final.log	160743	1ae1046486e22dcffcebf4197af85c06bf263d0a55b9509d19830bf1ef57e0a0	PASS
