workload,status,distance_bin,temporal_reuse_instances,events,conditional_fraction,display
BlackScholes,COMPLETE_VALID,<=8,0,0,N/A,NO TEMPORAL REUSE
BlackScholes,COMPLETE_VALID,9-16,0,0,N/A,NO TEMPORAL REUSE
BlackScholes,COMPLETE_VALID,17-32,0,0,N/A,NO TEMPORAL REUSE
BlackScholes,COMPLETE_VALID,33-64,0,0,N/A,NO TEMPORAL REUSE
BlackScholes,COMPLETE_VALID,65-128,0,0,N/A,NO TEMPORAL REUSE
BlackScholes,COMPLETE_VALID,129-256,0,0,N/A,NO TEMPORAL REUSE
BlackScholes,COMPLETE_VALID,257-512,0,0,N/A,NO TEMPORAL REUSE
BlackScholes,COMPLETE_VALID,513-1024,0,0,N/A,NO TEMPORAL REUSE
BlackScholes,COMPLETE_VALID,1025-2048,0,0,N/A,NO TEMPORAL REUSE
BlackScholes,COMPLETE_VALID,2049-4096,0,0,N/A,NO TEMPORAL REUSE
BlackScholes,COMPLETE_VALID,>4096,0,0,N/A,NO TEMPORAL REUSE
dwt2d,COMPLETE_VALID,<=8,118258,2903,0.024548022121124998,
dwt2d,COMPLETE_VALID,9-16,118258,3489,0.029503289418052057,
dwt2d,COMPLETE_VALID,17-32,118258,6696,0.05662196215055218,
dwt2d,COMPLETE_VALID,33-64,118258,8790,0.07432900945390587,
dwt2d,COMPLETE_VALID,65-128,118258,11945,0.10100796563446025,
dwt2d,COMPLETE_VALID,129-256,118258,18782,0.1588222361277884,
dwt2d,COMPLETE_VALID,257-512,118258,17448,0.14754181535287253,
dwt2d,COMPLETE_VALID,513-1024,118258,20710,0.17512557289993066,
dwt2d,COMPLETE_VALID,1025-2048,118258,9713,0.08213397825094286,
dwt2d,COMPLETE_VALID,2049-4096,118258,17782,0.1503661485903702,
dwt2d,COMPLETE_VALID,>4096,118258,0,0.0,
convolutionSeparable,COMPLETE_VALID,<=8,496704,4906,0.009877109908516944,
convolutionSeparable,COMPLETE_VALID,9-16,496704,4157,0.008369169565777606,
convolutionSeparable,COMPLETE_VALID,17-32,496704,7626,0.015353208349439505,
convolutionSeparable,COMPLETE_VALID,33-64,496704,14377,0.028944804148949878,
convolutionSeparable,COMPLETE_VALID,65-128,496704,24649,0.04962512884937508,
convolutionSeparable,COMPLETE_VALID,129-256,496704,43772,0.08812491946914057,
convolutionSeparable,COMPLETE_VALID,257-512,496704,77300,0.15562588583945366,
convolutionSeparable,COMPLETE_VALID,513-1024,496704,124839,0.25133479899497485,
convolutionSeparable,COMPLETE_VALID,1025-2048,496704,147685,0.2973299993557531,
convolutionSeparable,COMPLETE_VALID,2049-4096,496704,47343,0.09531431194433707,
convolutionSeparable,COMPLETE_VALID,>4096,496704,50,0.00010066357428166474,
mergeSort,COMPLETE_VALID,<=8,2068,1452,0.7021276595744681,
mergeSort,COMPLETE_VALID,9-16,2068,397,0.19197292069632496,
mergeSort,COMPLETE_VALID,17-32,2068,219,0.10589941972920697,
mergeSort,COMPLETE_VALID,33-64,2068,0,0.0,
mergeSort,COMPLETE_VALID,65-128,2068,0,0.0,
mergeSort,COMPLETE_VALID,129-256,2068,0,0.0,
mergeSort,COMPLETE_VALID,257-512,2068,0,0.0,
mergeSort,COMPLETE_VALID,513-1024,2068,0,0.0,
mergeSort,COMPLETE_VALID,1025-2048,2068,0,0.0,
mergeSort,COMPLETE_VALID,2049-4096,2068,0,0.0,
mergeSort,COMPLETE_VALID,>4096,2068,0,0.0,
sad,COMPLETE_VALID,<=8,56029,8558,0.1527423298648914,
sad,COMPLETE_VALID,9-16,56029,1803,0.03217976405075943,
sad,COMPLETE_VALID,17-32,56029,901,0.016080958075282443,
sad,COMPLETE_VALID,33-64,56029,4508,0.08045833407699585,
sad,COMPLETE_VALID,65-128,56029,9219,0.16453979189348372,
sad,COMPLETE_VALID,129-256,56029,19999,0.3569401559906477,
sad,COMPLETE_VALID,257-512,56029,8711,0.15547305859465635,
sad,COMPLETE_VALID,513-1024,56029,536,0.009566474504274572,
sad,COMPLETE_VALID,1025-2048,56029,13,0.00023202270252904746,
sad,COMPLETE_VALID,2049-4096,56029,1781,0.031787110246479504,
sad,COMPLETE_VALID,>4096,56029,0,0.0,
spmv,COMPLETE_VALID,<=8,57173,4693,0.08208420058419184,
spmv,COMPLETE_VALID,9-16,57173,3272,0.05722981127455267,
spmv,COMPLETE_VALID,17-32,57173,4508,0.07884840746506218,
spmv,COMPLETE_VALID,33-64,57173,5408,0.09459010372028755,
spmv,COMPLETE_VALID,65-128,57173,6896,0.12061637486226016,
spmv,COMPLETE_VALID,129-256,57173,8229,0.14393157609361062,
spmv,COMPLETE_VALID,257-512,57173,9567,0.16733423119304566,
spmv,COMPLETE_VALID,513-1024,57173,9145,0.15995312472670667,
spmv,COMPLETE_VALID,1025-2048,57173,4919,0.0860371154216151,
spmv,COMPLETE_VALID,2049-4096,57173,536,0.009375054658667554,
spmv,COMPLETE_VALID,>4096,57173,0,0.0,
transpose,COMPLETE_VALID,<=8,294912,4108,0.013929578993055556,
transpose,COMPLETE_VALID,9-16,294912,60765,0.20604451497395834,
transpose,COMPLETE_VALID,17-32,294912,145999,0.4950595431857639,
transpose,COMPLETE_VALID,33-64,294912,42662,0.1446601019965278,
transpose,COMPLETE_VALID,65-128,294912,23353,0.07918633355034722,
transpose,COMPLETE_VALID,129-256,294912,13251,0.044932047526041664,
transpose,COMPLETE_VALID,257-512,294912,4774,0.016187879774305556,
transpose,COMPLETE_VALID,513-1024,294912,0,0.0,
transpose,COMPLETE_VALID,1025-2048,294912,0,0.0,
transpose,COMPLETE_VALID,2049-4096,294912,0,0.0,
transpose,COMPLETE_VALID,>4096,294912,0,0.0,
scan,COMPLETE_VALID,<=8,6860467,27681,0.004034856519242787,
scan,COMPLETE_VALID,9-16,6860467,3838,0.0005594371345274308,
scan,COMPLETE_VALID,17-32,6860467,3498,0.0005098778261013427,
scan,COMPLETE_VALID,33-64,6860467,3319,0.00048378630784172563,
scan,COMPLETE_VALID,65-128,6860467,3123,0.0004552168241608042,
scan,COMPLETE_VALID,129-256,6860467,3643,0.0005310134135183508,
scan,COMPLETE_VALID,257-512,6860467,71332,0.010397542907793303,
scan,COMPLETE_VALID,513-1024,6860467,3171479,0.46228325272900517,
scan,COMPLETE_VALID,1025-2048,6860467,3572530,0.5207415180336848,
scan,COMPLETE_VALID,2049-4096,6860467,24,3.4983041241944607e-06,
scan,COMPLETE_VALID,>4096,6860467,0,0.0,
FWT_7_21,COMPLETE_VALID,<=8,4980736,96,1.927425986842105e-05,
FWT_7_21,COMPLETE_VALID,9-16,4980736,168,3.3729954769736845e-05,
FWT_7_21,COMPLETE_VALID,17-32,4980736,689,0.00013833296926398026,
FWT_7_21,COMPLETE_VALID,33-64,4980736,4880,0.000979774876644737,
FWT_7_21,COMPLETE_VALID,65-128,4980736,55684,0.011179873817845395,
FWT_7_21,COMPLETE_VALID,129-256,4980736,185333,0.03720996254368832,
FWT_7_21,COMPLETE_VALID,257-512,4980736,206524,0.04146455463610197,
FWT_7_21,COMPLETE_VALID,513-1024,4980736,1466949,0.2945245441637541,
FWT_7_21,COMPLETE_VALID,1025-2048,4980736,3059233,0.614213040000514,
FWT_7_21,COMPLETE_VALID,2049-4096,4980736,1180,0.00023691277754934212,
FWT_7_21,COMPLETE_VALID,>4096,4980736,0,0.0,
cfd_097k,COMPLETE_VALID,<=8,750435,15780,0.021027803873753224,
cfd_097k,COMPLETE_VALID,9-16,750435,14065,0.018742462704964453,
cfd_097k,COMPLETE_VALID,17-32,750435,27647,0.036841298713412886,
cfd_097k,COMPLETE_VALID,33-64,750435,54032,0.07200090614110483,
cfd_097k,COMPLETE_VALID,65-128,750435,98289,0.1309760339003378,
cfd_097k,COMPLETE_VALID,129-256,750435,148910,0.1984315763523823,
cfd_097k,COMPLETE_VALID,257-512,750435,153362,0.20436413546809518,
cfd_097k,COMPLETE_VALID,513-1024,750435,103218,0.13754422434987706,
cfd_097k,COMPLETE_VALID,1025-2048,750435,134382,0.17907213815986728,
cfd_097k,COMPLETE_VALID,2049-4096,750435,750,0.0009994203362050011,
cfd_097k,COMPLETE_VALID,>4096,750435,0,0.0,
btree,COMPLETE_VALID,<=8,982519,136419,0.1388461698959511,
btree,COMPLETE_VALID,9-16,982519,79505,0.08091955473634607,
btree,COMPLETE_VALID,17-32,982519,119935,0.1220688861996562,
btree,COMPLETE_VALID,33-64,982519,144374,0.14694270543368626,
btree,COMPLETE_VALID,65-128,982519,98839,0.10059754569631732,
btree,COMPLETE_VALID,129-256,982519,60322,0.06139525037174853,
btree,COMPLETE_VALID,257-512,982519,74787,0.07611761197493382,
btree,COMPLETE_VALID,513-1024,982519,81410,0.08285844853890867,
btree,COMPLETE_VALID,1025-2048,982519,119159,0.12127907959031836,
btree,COMPLETE_VALID,2049-4096,982519,67769,0.06897474756213366,
btree,COMPLETE_VALID,>4096,982519,0,0.0,
gemm,COMPLETE_VALID,<=8,18311830,95417,0.005210675284774924,
gemm,COMPLETE_VALID,9-16,18311830,85560,0.004672389378887856,
gemm,COMPLETE_VALID,17-32,18311830,161667,0.008828555092527618,
gemm,COMPLETE_VALID,33-64,18311830,340455,0.018592079546391596,
gemm,COMPLETE_VALID,65-128,18311830,1402474,0.07658841306412303,
gemm,COMPLETE_VALID,129-256,18311830,9338559,0.5099740987110518,
gemm,COMPLETE_VALID,257-512,18311830,6852401,0.37420623717017903,
gemm,COMPLETE_VALID,513-1024,18311830,2840,0.0001550909985512098,
gemm,COMPLETE_VALID,1025-2048,18311830,32457,0.001772460753512893,
gemm,COMPLETE_VALID,2049-4096,18311830,0,0.0,
gemm,COMPLETE_VALID,>4096,18311830,0,0.0,
