mode	workload	status	raw_log_gz	raw_log_gz_sha256
OFF	convolutionSeparable	COMPLETE_VALID	/workspace/results/ep_l2_m0a/OFF/convolutionSeparable/raw.log.gz	ccd4cb5e0506122dc1db33bbc67b9f944e087bd145f1707ed20ddd62bc9fa45b
OFF	sad	COMPLETE_VALID	/workspace/results/ep_l2_m0a/OFF/sad/raw.log.gz	5cb19298c87ec0a967957c0f606b4c18966a3ebfe180dc5dff11f9bb6373849f
OFF	vectorAdd_4M	COMPLETE_VALID	/workspace/results/ep_l2_m0a/OFF/vectorAdd_4M/raw.log.gz	655ce441f912d324b858245e0254b2b66be72765f3d75f237e843d78a74170e5
ON	cfd_097k	COMPLETE_VALID	/workspace/results/ep_l2_m0a/ON/cfd_097k/raw.log.gz	063fd3ddd3961852ab22b5317464bbd063de37819aae3628920bacce43abf8c7
ON	convolutionSeparable	COMPLETE_VALID	/workspace/results/ep_l2_m0a/ON/convolutionSeparable/raw.log.gz	54cc3ea1d2c2f6fcc54099e17d1ed87c97e77f15d1c81df48c7556d47568877b
ON	sad	COMPLETE_VALID	/workspace/results/ep_l2_m0a/ON/sad/raw.log.gz	8bf6ee4cd9fc4e82232874cdd469cbf6a568dd57e1af384b9c3b331f911d8342
ON	spmv	COMPLETE_VALID	/workspace/results/ep_l2_m0a/ON/spmv/raw.log.gz	0b57a80d1495305222b859144089b32741859572a11ca87808d69a70cc778625
ON	vectorAdd_4M	COMPLETE_VALID	/workspace/results/ep_l2_m0a/ON/vectorAdd_4M/raw.log.gz	5f72a31aca5ee5d25af240d258d785226e41475f6d475c6dfb8b8aa43f3c6b88
ON	scan	RUNNING	/workspace/results/ep_l2_m0a/ON/scan/raw.log	LIVE_UNSEALED
